<?xml version="1.0" encoding="UTF-8"?>
<project-private xmlns="http://www.netbeans.org/ns/project-private/1">
    <editor-bookmarks xmlns="http://www.netbeans.org/ns/editor-bookmarks/2" lastBookmarkId="0"/>
    <open-files xmlns="http://www.netbeans.org/ns/projectui-open-files/2">
        <group>
            <file>file:/C:/Users/USUARIO/Documents/NetBeansProjects/MyWeb3/web/index.html</file>
            <file>file:/C:/Users/USUARIO/Documents/NetBeansProjects/MyWeb3/src/java/Conexion/Conexion.java</file>
            <file>file:/C:/Users/USUARIO/Documents/NetBeansProjects/MyWeb3/web/resumen.jsp</file>
            <file>file:/C:/Users/USUARIO/Documents/NetBeansProjects/MyWeb3/web/guardarEmpleado.jsp</file>
            <file>file:/C:/Users/USUARIO/Documents/NetBeansProjects/MyWeb3/web/calcularSueldos.jsp</file>
            <file>file:/C:/Users/USUARIO/Documents/NetBeansProjects/MyWeb3/src/java/Conexion/Probar_Conexion.java</file>
        </group>
    </open-files>
</project-private>
