<?xml version="1.0" encoding="UTF-8"?>
<project-private xmlns="http://www.netbeans.org/ns/project-private/1">
    <editor-bookmarks xmlns="http://www.netbeans.org/ns/editor-bookmarks/2" lastBookmarkId="0"/>
    <open-files xmlns="http://www.netbeans.org/ns/projectui-open-files/2">
        <group>
            <file>file:/D:/OneDrive/Documentos/NetBeansProjects/Desarrollo_Web_Integrado/web/home.jsp</file>
            <file>file:/D:/OneDrive/Documentos/NetBeansProjects/Desarrollo_Web_Integrado/web/register.jsp</file>
            <file>file:/D:/OneDrive/Documentos/NetBeansProjects/Desarrollo_Web_Integrado/web/css/style.css</file>
            <file>file:/D:/OneDrive/Documentos/NetBeansProjects/Desarrollo_Web_Integrado/web/login.jsp</file>
        </group>
    </open-files>
</project-private>
